{
  "n_trials": 100,
  "baseline_sharpe": 3.373657306167278,
  "shuffle_mean_sharpe": 0.0479512270106757,
  "shuffle_std_sharpe": 0.7413342279677095,
  "shuffle_min_sharpe": -1.7617062603235298,
  "shuffle_max_sharpe": 2.091991656080283,
  "sharpe_list": [
    0.025184403202908903,
    0.19670433712195357,
    0.7656924620379174,
    -0.4714257958576874,
    -1.7617062603235298,
    -0.13203655116056598,
    -1.0251381342614598,
    -1.081144631525204,
    0.7352013192354316,
    1.0643289349791687,
    0.378325130574743,
    -0.026963118990791266,
    -1.4216898361087333,
    0.48570081819433986,
    -0.49144865080964134,
    0.43754702027115494,
    0.4954176144049449,
    -0.5132636642184378,
    0.9621859784167438,
    0.480191750981439,
    0.8709933090656873,
    0.3640470297277035,
    0.6413951304900348,
    -0.028599261742511865,
    1.556110534771451,
    -0.2114957321964339,
    0.34594003270465373,
    0.252241835503055,
    0.31117550034075214,
    -0.4632327143965231,
    -0.26088210557204394,
    -0.020180849129266567,
    0.017989890769435257,
    0.044376132248794116,
    -1.443992391142412,
    0.013003807580687638,
    -0.4504235206642421,
    0.6711787805593127,
    -0.5365948779595054,
    -0.4344053207778545,
    0.2695646244131076,
    -0.8889902916857223,
    0.7518180399922748,
    1.2644118045121406,
    0.08022583043762725,
    0.45635327396539555,
    -0.12701245394453484,
    -0.03770433587466899,
    -0.8531519153673811,
    -0.7037621801155183,
    -0.19360672808770926,
    -0.6118478046021307,
    1.1427662744751401,
    0.7025564649731507,
    1.2312307821235733,
    0.07146368741636983,
    -1.3511678201831836,
    0.8852280911449412,
    -0.24986004279273488,
    -0.2741613999730957,
    1.5130087250714395,
    -0.1952856774293853,
    -0.7042492521067907,
    -0.22336893333137137,
    1.302439779596695,
    1.3960630502153706,
    -0.008256294481616416,
    0.34383147440148143,
    -0.3890780469313126,
    0.011109569583726761,
    -0.4225982514528956,
    -0.2984933187956163,
    0.0016567861794709244,
    -1.5946012696023455,
    0.5957572931835998,
    -0.2167831139215461,
    -0.42016204973342125,
    -0.12605695254558236,
    0.6543471387941292,
    -0.4262763846111233,
    -0.2658318266590005,
    0.3972682333605265,
    -1.5849987503959573,
    0.7504681315424214,
    -0.870514613966599,
    0.31759067223165305,
    -0.8545450015593936,
    -0.8133655478231707,
    0.409921339788133,
    0.1580628510893184,
    0.3201817154254946,
    0.33603768585670274,
    -0.34088120563687635,
    0.32475343131767476,
    2.091991656080283,
    0.5030867254221512,
    0.46848288144593514,
    -0.23791312227773684,
    -0.48943163000442214,
    1.4770925665750159
  ]
}